"","Station","mean.DO","se.DO","mean.PH","se.PH","mean.Salinitas","se.Salinitas","mean.Kecerahan","se.Kecerahan","mean.Klorofil","se.Klorofil","mean.Ammonia","se.Ammonia","mean.Ammonium","se.Ammonium","mean.Nitrat","se.Nitrat","mean.Nitrit","se.p","mean.p"
"1","1",4.4,0,7.6,0,21,1.4142135623731,7,0,0.00801,0.00755190042307233,1.82755,0.674084894505136,15.51,0.469518902707867,1.38195,0.595454620437192,1.0625,3.55805454980675,11.7261155
"2","2",3.2,0,7.52,0,21,0,5.5,0,0.00267,0,1.61345,0.37215029893848,15.3045,1.12783531599254,0.3202,0.302358859635368,1.0665,0.675579718240564,9.242038
"3","3",2.825,0.67175144212722,7.2,0.424264068711928,20.5,0.707106781186548,9.5,0,0.004005,0.00188797510576808,2.5016,0.604717719270735,15.281,0.00565685424949301,0.59325,0.781706546601728,1.0575,0.450386714529303,8.3184715
"4","4",2.76,0.622253967444162,7.47,0.0707106781186545,20.5,0.707106781186548,4.25,1.76776695296637,0.020025,0.0169917759519127,2.83055,0.37215029893848,15.9335,1.81514310730587,0.3331,0.0719834703247905,1.062,0.765657343989137,8.5414015
